,question,keywords,stopwords_lemma,stopwords,functional,functional_lemma,pairsAN,pairsNA,quotations,capitalLetters
0,Jak nazywa się bohaterka gier komputerowych z serii Tomb Raider?,"(Tomb Raider,)",nazywać bohaterka gra komputerowy seria Tomb Raider,nazywa bohaterka gier komputerowych serii Tomb Raider,Jak nazywa bohaterka gier komputerowych serii Tomb Raider,jak nazywać bohaterka gra komputerowy seria Tomb Raider,[],['gier komputerowych'],[],[]
1,Paź królowej to gatunek których owadów?,(),Paź królowa gatunek owad,Paź królowej gatunek owadów,królowej gatunek owadów,królowa gatunek owad,[],[],[],[]
2,Czy w przypadku skrócenia kadencji Sejmu ulega skróceniu kadencja Senatu?,"(Sejmu, Senatu)",przypadek skrócić kadencja sejm ulegać skrócić kadencja senat,przypadku skrócenia kadencji Sejmu ulega skróceniu kadencja Senatu,przypadku skrócenia kadencji Sejmu ulega skróceniu kadencja Senatu,przypadek skrócić kadencja sejm ulegać skrócić kadencja senat,[],[],[],['Sejmu']
3,Co zabiera Wenus więcej czasu: obieg dookoła Słońca czy obrót dookoła osi?,"(Wenus, Słońca)",zabierać Wenus czas obieg dookoła Słońce obrót dookoła oś,zabiera Wenus czasu obieg dookoła Słońca obrót dookoła osi,zabiera Wenus czasu obieg Słońca obrót osi,zabierać Wenus czas obieg Słońce obrót oś,[],[],[],"['Wenus', 'Wenus Słońca']"
4,"Proszę dokończyć powiedzenie: „piłka jest okrągła, a bramki są…”",(),prosić dokończyć powiedzenie piłka okrągły bramka,Proszę dokończyć powiedzenie piłka okrągła bramki,Proszę dokończyć powiedzenie piłka okrągła bramki,prosić dokończyć powiedzenie piłka okrągły bramka,[],[],[],[]
5,Ile pełnych tygodni ma rok kalendarzowy?,(),pełny tydzień rok kalendarzowy,pełnych tygodni rok kalendarzowy,pełnych tygodni ma rok kalendarzowy,pełny tydzień mieć rok kalendarzowy,['pełnych tygodni'],['rok kalendarzowy'],[],[]
6,"Jaki przydomek nosił Ludwik I, król Franków i syn Karola Wielkiego?","(Ludwik I, Franków, Karola Wielkiego)",przydomek nosić Ludwik król Franek syn Karol wielki,przydomek nosił Ludwik król Franków syn Karola Wielkiego,przydomek nosił Ludwik król Franków syn Karola Wielkiego,przydomek nosić Ludwik król Franek syn Karol wielki,[],[],[],"['Ludwik I,', 'Ludwik I, Franków']"
7,Proszę rozwinąć skrót CIA.,"(CIA,)",prosić rozwinąć skrót CIA,Proszę rozwinąć skrót CIA,Proszę rozwinąć skrót CIA,prosić rozwinąć skrót CIA,[],[],[],[]
8,"Tę samą nazwę noszą pocisk miotany ręką, kamień półszlachetny i owoc południowy. Jaką?",(),ten sam nazwa nosić pocisk miotać ręka kamień półszlachetny owoc południowy jaki,Tę samą nazwę noszą pocisk miotany ręką kamień półszlachetny owoc południowy Jaką,samą nazwę noszą pocisk miotany ręką kamień półszlachetny owoc południowy,sam nazwa nosić pocisk miotać ręka kamień półszlachetny owoc południowy,"['samą nazwę', 'miotany ręką']","['pocisk miotany', 'kamień półszlachetny', 'owoc południowy']",[],[]
9,Ten urodzony w XIX w. Nantes francuski pisarz uchodzi za prekursora literatury fantastycznonaukowej. O kogo chodzi?,"(XIX w., francuski)",urodzić XIX Nantes francuski pisarz uchodzić prekursor literatura fantastycznonaukowy kto chodzić,urodzony XIX Nantes francuski pisarz uchodzi prekursora literatury fantastycznonaukowej kogo chodzi,urodzony XIX Nantes francuski pisarz uchodzi prekursora literatury fantastycznonaukowej chodzi,urodzić XIX Nantes francuski pisarz uchodzić prekursor literatura fantastycznonaukowy chodzić,['francuski pisarz'],['literatury fantastycznonaukowej'],[],['XIX']
10,"Festiwal filmowy Dwa Brzegi odbywa się jednocześnie w dwóch miejscowościach na dwóch brzegach Wisły. Jedna z nich to Janowiec, a druga?","(Wisły, Janowiec)",festiwal filmowy brzeg odbywać jednocześnie dwa miejscowość dwa brzeg Wisła Janowiec drugi,Festiwal filmowy Brzegi odbywa jednocześnie dwóch miejscowościach dwóch brzegach Wisły Janowiec druga,Festiwal filmowy Brzegi odbywa jednocześnie miejscowościach brzegach Wisły Jedna Janowiec druga,festiwal filmowy brzeg odbywać jednocześnie miejscowość brzeg Wisła jeden Janowiec drugi,[],['Festiwal filmowy'],[],"['Dwa Brzegi', 'Dwa Brzegi Wisły Janowiec,']"
11,"Tadeusz Andrzej Bonawentura, walczył o niepodległość USA. Jak brzmi jego nazwisko?","(Tadeusz Andrzej Bonawentura, USA)",Tadeusz Andrzej Bonawentura walczyć niepodległość USA brzmieć nazwisko,Tadeusz Andrzej Bonawentura walczył niepodległość USA brzmi nazwisko,Tadeusz Andrzej Bonawentura walczył niepodległość USA Jak brzmi nazwisko,Tadeusz Andrzej Bonawentura walczyć niepodległość USA jak brzmieć nazwisko,[],[],[],"['Andrzej Bonawentura,']"
12,Zobaczyć... i umrzeć – o które miasto chodzi?,(),zobaczyć umrzeć miasto chodzić,Zobaczyć umrzeć miasto chodzi,Zobaczyć umrzeć miasto chodzi,zobaczyć umrzeć miasto chodzić,[],[],[],[]
13,Które miasto było stolicą zakonu krzyżackiego?,"(zakonu krzyżackiego,)",miasto stolica zakon krzyżacki,miasto stolicą zakonu krzyżackiego,miasto stolicą zakonu krzyżackiego,miasto stolica zakon krzyżacki,[],['zakonu krzyżackiego'],[],[]
14,Gdzie połączone jednostki polskie z Rosji i Austro-Węgier starły się w 1918 roku z Niemcami?,"(polskie, Rosji, 1918 roku, Niemcami)",połączyć jednostka polski Rosja Austro Węgry starzyć 1918 Niemcy,połączone jednostki polskie Rosji Austro Węgier starły 1918 Niemcami,Gdzie połączone jednostki polskie Rosji Austro Węgier starły 1918 roku Niemcami,gdzie połączyć jednostka polski Rosja Austro Węgry starzyć 1918 rok Niemcy,"['połączone jednostki', '1918 roku']",['jednostki polskie'],[],"['Rosji', 'Rosji Austro-Węgier']"
15,"Jak nazywa się wzgórze w Paryżu, na którym zbudowano Bazylikę Sacré-Cœur?","(Paryżu, Bazylikę Sacré-Cœur)",nazywać wzgórze Paryż zbudować Bazylika Sacré- Cœur,nazywa wzgórze Paryżu zbudowano Bazylikę Sacré- Cœur,Jak nazywa wzgórze Paryżu zbudowano Bazylikę Sacré- Cœur,jak nazywać wzgórze Paryż zbudować Bazylika Sacré- Cœur,[],[],[],"['Paryżu,']"
16,"Kto prowadził teleturniej ""Kocham Cię Polsko""?","(Polsko,)",prowadzić teleturniej kochać Polska,prowadził teleturniej Kocham Polsko,prowadził teleturniej Kocham Polsko,prowadzić teleturniej kochać Polska,[],[],['Kocham Cię Polsko'],[]
17,"Który z ""Trzech Muszkieterów"" Alexandra Dumas'a miał w młodości zostać księdzem?","(Alexandra Dumas'a,)",trzy Muszkieter Alexander Dumas mieć młodość zostać ksiądz,Trzech Muszkieterów Alexandra Dumas'a miał młodości zostać księdzem,Muszkieterów Alexandra Dumas'a miał młodości zostać księdzem,Muszkieter Alexander Dumas mieć młodość zostać ksiądz,[],[],['Trzech Muszkieterów'],"['Muszkieterów"" Alexandra Dumas\'a']"
18,Jak nazywał się ojciec Pinokia?,"(Pinokia,)",nazywać ojciec Pinokia,nazywał ojciec Pinokia,Jak nazywał ojciec Pinokia,jak nazywać ojciec Pinokia,[],[],[],[]
19,W którym mieście Polska podpisała pokój z Krzyżakami w lutym 1411 roku?,"(Polska, Krzyżakami, lutym 1411 roku)",miasto Polska podpisać pokój krzyżak luty 1411,mieście Polska podpisała pokój Krzyżakami lutym 1411,mieście Polska podpisała pokój Krzyżakami lutym 1411 roku,miasto Polska podpisać pokój krzyżak luty 1411 rok,['1411 roku'],['lutym 1411'],[],"['Polska', 'Polska Krzyżakami']"
20,Skąd pochodzi forma poetycka Haiku?,(),pochodzić forma poetycki Haik,pochodzi forma poetycka Haiku,Skąd pochodzi forma poetycka Haiku,skąd pochodzić forma poetycki Haik,[],['forma poetycka'],[],[]
21,"Przy której bajkowej ulicy mieszkają Elmo, Grover, Ciasteczkowy Potwór?","(Elmo, Grover, Ciasteczkowy Potwór)",bajkowy ulica mieszkać Elmo Grover ciasteczkowy Potwór,bajkowej ulicy mieszkają Elmo Grover Ciasteczkowy Potwór,bajkowej ulicy mieszkają Elmo Grover Ciasteczkowy Potwór,bajkowy ulica mieszkać Elmo Grover ciasteczkowy Potwór,['bajkowej ulicy'],[],[],[]
22,Które miasto Ukrainy znane jest ze słynnych Schodów Potiomkinowskich?,"(Ukrainy, Schodów Potiomkinowskich)",miasto Ukraina znany słynny schody potiomkinowski,miasto Ukrainy znane słynnych Schodów Potiomkinowskich,miasto Ukrainy znane słynnych Schodów Potiomkinowskich,miasto Ukraina znany słynny schody potiomkinowski,['słynnych Schodów'],['Schodów Potiomkinowskich'],[],['Ukrainy']
23,Jaką funkcję w Rzeszy Niemieckiej pełnił Otto von Bismarck?,"(Rzeszy Niemieckiej, Otto von Bismarck)",jaki funkcja Rzesza niemiecki pełnić Otto von Bismarck,Jaką funkcję Rzeszy Niemieckiej pełnił Otto von Bismarck,funkcję Rzeszy Niemieckiej pełnił Otto Bismarck,funkcja Rzesza niemiecki pełnić Otto Bismarck,[],[],[],"['Rzeszy Niemieckiej', 'Rzeszy Niemieckiej Otto']"
24,O której legendarnej wyspie opowiada Platon w swoich dziełach Timajos i Critas?,"(Platon, Timajos, Critas)",legendarny wyspa opowiadać Platon swój dzieło Timajos Critas,legendarnej wyspie opowiada Platon swoich dziełach Timajos Critas,legendarnej wyspie opowiada Platon dziełach Timajos Critas,legendarny wyspa opowiadać Platon dzieło Timajos Critas,['legendarnej wyspie'],[],[],"['Platon', 'Platon Timajos']"
25,W którym wieku miała miejsce odsiecz oblężonego przez Turków Wiednia?,"(Turków Wiednia,)",wiek mieć miejsce odsiecz oblężony Turek Wiedeń,wieku miała miejsce odsiecz oblężonego Turków Wiednia,wieku miała miejsce odsiecz oblężonego Turków Wiednia,wiek mieć miejsce odsiecz oblężony Turek Wiedeń,[],['odsiecz oblężonego'],[],[]
26,"Jak nazywa się cienki placek z mąki i wody, produkt kuchni żydowskiej nazywany chlebem niedoli?","(żydowskiej,)",nazywać cienki placek mąka woda produkt kuchnia żydowski nazywać chleb niedola,nazywa cienki placek mąki wody produkt kuchni żydowskiej nazywany chlebem niedoli,Jak nazywa cienki placek mąki wody produkt kuchni żydowskiej nazywany chlebem niedoli,jak nazywać cienki placek mąka woda produkt kuchnia żydowski nazywać chleb niedola,"['cienki placek', 'nazywany chlebem']",['kuchni żydowskiej'],[],[]
27,Jak potocznie nazywamy długie nici pajęczyny unoszone przez wiatr wczesną jesienią?,(),potocznie nazywać długi nić pajęczyna unosić wiatr wczesny jesień,potocznie nazywamy długie nici pajęczyny unoszone wiatr wczesną jesienią,Jak potocznie nazywamy długie nici pajęczyny unoszone wiatr wczesną jesienią,jak potocznie nazywać długi nić pajęczyna unosić wiatr wczesny jesień,"['długie nici', 'wczesną jesienią']","['pajęczyny unoszone', 'wiatr wczesną']",[],[]
28,Kto zabił Goliata kamieniem z procy?,"(Goliata,)",zabić Goliat kamień proca,zabił Goliata kamieniem procy,zabił Goliata kamieniem procy,zabić Goliat kamień proca,[],[],[],['Goliata']
29,Jak nazywa się mały szynowy pojazd z ręcznym napędem?,(),nazywać mały szynowy pojazd ręczny napąd,nazywa mały szynowy pojazd ręcznym napędem,Jak nazywa mały szynowy pojazd ręcznym napędem,jak nazywać mały szynowy pojazd ręczny napąd,"['szynowy pojazd', 'ręcznym napędem']",[],[],[]
30,W których górach szumi wodospad Siklawa?,"(Siklawa,)",góra szumić wodospad siklawy,górach szumi wodospad Siklawa,górach szumi wodospad Siklawa,góra szumić wodospad siklawy,[],['wodospad Siklawa'],[],[]
31,Kto skomponował muzykę do opery Król Roger ?,"(Król Roger,)",skomponować muzyka opera król Roger,skomponował muzykę opery Król Roger,skomponował muzykę opery Król Roger,skomponować muzyka opera król Roger,[],[],[],[]
32,W którym państwie przyznawany jest Medal Zasłużony Kulturze Gloria Artis?,(),państwo przyznawać medal zasłużyć kultura Gloria Artis,państwie przyznawany Medal Zasłużony Kulturze Gloria Artis,państwie przyznawany Medal Zasłużony Kulturze Gloria Artis,państwo przyznawać medal zasłużyć kultura Gloria Artis,['Zasłużony Kulturze'],"['państwie przyznawany', 'Medal Zasłużony']",[],[]
33,Czyje imię nosi Teatr Ateneum w Warszawie?,"(Teatr Ateneum w Warszawie,)",czyjś imię nosić teatr Ateneum Warszawa,Czyje imię nosi Teatr Ateneum Warszawie,imię nosi Teatr Ateneum Warszawie,imię nosić teatr Ateneum Warszawa,[],[],[],['Teatr Ateneum']
34,Który król powołał Komisję Morską czyli pierwszy Polski urząd do spraw żeglugi w XVI w.?,"(Komisję Morską, Polski, XVI w.)",król powołać komisja morski pierwszy Polska urząd sprawa żeglug XVI,król powołał Komisję Morską pierwszy Polski urząd spraw żeglugi XVI,król powołał Komisję Morską pierwszy Polski urząd spraw żeglugi XVI,król powołać komisja morski pierwszy Polska urząd sprawa żeglug XVI,[],['Komisję Morską'],[],"['Komisję Morską', 'Komisję Morską Polski', 'Komisję Morską Polski XVI']"
35,Kto jest reżyserem filmu Bliskie spotkania trzeciego stopnia ?,(),reżyser film Bliski spotkanie trzeci stopień,reżyserem filmu Bliskie spotkania trzeciego stopnia,reżyserem filmu Bliskie spotkania trzeciego stopnia,reżyser film Bliski spotkanie trzeci stopień,"['Bliskie spotkania', 'trzeciego stopnia']","['filmu Bliskie', 'spotkania trzeciego']",[],['Bliskie']
36,Który kontynent zamieszkuje niedźwiedź baribal?,(),kontynent zamieszkiwać niedźwiedź baribal,kontynent zamieszkuje niedźwiedź baribal,kontynent zamieszkuje niedźwiedź baribal,kontynent zamieszkiwać niedźwiedź baribal,[],[],[],[]
37,Ile par odnóży mają raki?,(),para odnóż rak,par odnóży raki,par odnóży mają raki,para odnóż mieć rak,[],[],[],[]
38,Która duża europejska wyspa jest nazywana szmaragdową albo zieloną?,"(europejska,)",duży europejski wyspa nazywać szmaragdowy zielony,duża europejska wyspa nazywana szmaragdową zieloną,duża europejska wyspa nazywana szmaragdową zieloną,duży europejski wyspa nazywać szmaragdowy zielony,['europejska wyspa'],[],[],[]
39,Gdzie urodził się Mikołaj Kopernik?,"(Mikołaj Kopernik,)",urodzić Mikołaj Kopernik,urodził Mikołaj Kopernik,Gdzie urodził Mikołaj Kopernik,gdzie urodzić Mikołaj Kopernik,[],[],[],[]
40,W którym roku rozpoczęła się II wojna światowa?,(),rozpocząć II wojna światowy,rozpoczęła II wojna światowa,roku rozpoczęła II wojna światowa,rok rozpocząć II wojna światowy,['II wojna'],['wojna światowa'],[],['II']
41,Które państwo uchodzi za kolebkę szachów?,(),państwo uchodzić kolebka szach,państwo uchodzi kolebkę szachów,państwo uchodzi kolebkę szachów,państwo uchodzić kolebka szach,[],[],[],[]
42,Na terenie którego państwa znajduje się Salto Angel - najwyższy wodospad świata?,"(Salto Angel,)",teren państwo znajdować Salto Angel wysoki wodospad świat,terenie państwa znajduje Salto Angel najwyższy wodospad świata,terenie państwa znajduje Salto Angel najwyższy wodospad świata,teren państwo znajdować Salto Angel wysoki wodospad świat,['najwyższy wodospad'],[],[],['Salto Angel']
43,"Jak nazywał się pisarz, który stworzył postać Jamesa Bonda?","(Jamesa Bonda,)",nazywać pisarz stworzyć postać James Bonda,nazywał pisarz stworzył postać Jamesa Bonda,Jak nazywał pisarz stworzył postać Jamesa Bonda,jak nazywać pisarz stworzyć postać James Bonda,[],[],[],[]
44,W którym roku Polska przystąpiła do Unii Europejskiej?,"(Polska, Unii Europejskiej)",Polska przystąpić unia europejski,Polska przystąpiła Unii Europejskiej,roku Polska przystąpiła Unii Europejskiej,rok Polska przystąpić unia europejski,[],['Unii Europejskiej'],[],['Polska']
45,"Jak nazywali się trzej bracia, założyciele Polski, Czech i Rosji?","(Polski, Czech, Rosji)",nazywać trzy brat założyciel Polska Czechy Rosja,nazywali trzej bracia założyciele Polski Czech Rosji,Jak nazywali bracia założyciele Polski Czech Rosji,jak nazywać brat założyciel Polska Czechy Rosja,[],[],[],"['Polski, Czech']"
46,Z jakiego miasta Marco Polo wyruszył w podróż do Chin?,"(Marco Polo, Chin)",jaki miasto Marco polo wyruszyć podróż Chiny,jakiego miasta Marco Polo wyruszył podróż Chin,miasta Marco Polo wyruszył podróż Chin,miasto Marco polo wyruszyć podróż Chiny,[],[],[],['Marco Polo']
47,Co Otto III podarował Bolesławowi Chrobremu?,"(Otto III, Bolesławowi Chrobremu)",Otto III podarować Bolesław Chrobrem,Otto III podarował Bolesławowi Chrobremu,Otto III podarował Bolesławowi Chrobremu,Otto III podarować Bolesław Chrobrem,[],[],[],['Otto III']
48,Jaka polska poetka dostała literacką Nagrodę Nobla?,"(polska, Nobla)",jaki polski poetka dostać literacki nagroda Nobel,Jaka polska poetka dostała literacką Nagrodę Nobla,polska poetka dostała literacką Nagrodę Nobla,polski poetka dostać literacki nagroda Nobel,"['polska poetka', 'literacką Nagrodę']",[],[],[]
49,Gdzie urodził się Fryderyk Chopin?,"(Fryderyk Chopin,)",urodzić Fryderyk Chopin,urodził Fryderyk Chopin,Gdzie urodził Fryderyk Chopin,gdzie urodzić Fryderyk Chopin,[],[],[],[]
50,Który król przeniósł stolicę Polski z Krakowa do Warszawy?,"(Polski, Krakowa, Warszawy)",król przenieść stolica Polska Kraków Warszawa,król przeniósł stolicę Polski Krakowa Warszawy,król przeniósł stolicę Polski Krakowa Warszawy,król przenieść stolica Polska Kraków Warszawa,[],[],[],"['Polski', 'Polski Krakowa']"
51,Jaki Święty umarł w 1226r.?,(),święty umrzeć 1226r,Święty umarł 1226r,Święty umarł 1226r,święty umrzeć 1226r,[],[],[],['Święty']
52,Kiedy ustanowiono w Polsce stan wojenny?,"(Polsce,)",ustanowić Polska stan wojenny,ustanowiono Polsce stan wojenny,Kiedy ustanowiono Polsce stan wojenny,kiedy ustanowić Polska stan wojenny,[],['stan wojenny'],[],['Polsce']
53,W jakim mieście codziennie grany jest hejnał z Wieży Mariackiej?,"(Wieży Mariackiej,)",jaki miasto codziennie grany hejnał wieża mariacki,jakim mieście codziennie grany hejnał Wieży Mariackiej,mieście codziennie grany hejnał Wieży Mariackiej,miasto codziennie grany hejnał wieża mariacki,[],"['mieście codziennie', 'Wieży Mariackiej']",[],[]
54,Na czym latał Alladyn?,"(Alladyn,)",co latać Alladyn,czym latał Alladyn,latał Alladyn,latać Alladyn,[],[],[],[]
55,Jaki magiczny przedmiot był w posiadaniu ojca księżniczki Ariel?,"(Ariel,)",magiczny przedmiot posiadanie ojciec księżniczka Ariel,magiczny przedmiot posiadaniu ojca księżniczki Ariel,magiczny przedmiot posiadaniu ojca księżniczki Ariel,magiczny przedmiot posiadanie ojciec księżniczka Ariel,['magiczny przedmiot'],[],[],[]
56,Ilu krasnoludków miała Królewna Śnieżka?,(),ile krasnoludek mieć Królewna Śnieżka,Ilu krasnoludków miała Królewna Śnieżka,krasnoludków miała Królewna Śnieżka,krasnoludek mieć Królewna Śnieżka,[],[],[],[]
57,Co zgubił Kopciuszek na balu?,"(Kopciuszek,)",zgubić Kopciuszek bal,zgubił Kopciuszek balu,zgubił Kopciuszek balu,zgubić Kopciuszek bal,[],[],[],['Kopciuszek']
58,Jak miał na imię synek rozbójnika Rumcajsa?,"(Rumcajsa,)",mieć imię synek rozbójnik Rumcajs,miał imię synek rozbójnika Rumcajsa,Jak miał imię synek rozbójnika Rumcajsa,jak mieć imię synek rozbójnik Rumcajs,[],[],[],[]
59,W jakiej stolicy znajduje się lotnisko Fryderyka Chopina?,"(Fryderyka Chopina,)",jaki stolica znajdować lotnisko Fryderyka Chopin,jakiej stolicy znajduje lotnisko Fryderyka Chopina,stolicy znajduje lotnisko Fryderyka Chopina,stolica znajdować lotnisko Fryderyka Chopin,[],[],[],[]
60,Jakie miasto nazywamy „wiecznym miastem”?,(),miasto nazywać wieczny miasto,miasto nazywamy wiecznym miastem,miasto nazywamy wiecznym miastem,miasto nazywać wieczny miasto,['wiecznym miastem'],[],[],[]
61,Za pomocą jakiego przyrządu naukowcy obserwują mikroorganizmy?,(),pomoc jaki przyrząd naukowiec obserwować mikroorganizm,pomocą jakiego przyrządu naukowcy obserwują mikroorganizmy,pomocą przyrządu naukowcy obserwują mikroorganizmy,pomoc przyrząd naukowiec obserwować mikroorganizm,[],[],[],[]
62,"W jakiej grze są królowie, wieże i konie?",(),jaki gra król wieża koń,jakiej grze królowie wieże konie,grze są królowie wieże konie,gra być król wieża koń,[],[],[],[]
63,Czyim synem był herakles?,(),czyj syn herakles,Czyim synem herakles,synem herakles,syn herakles,[],[],[],[]
64,Który z polskich królów pisał piękne listy do swej żony?,"(polskich,)",polski król pisać piękny lista swój żona,polskich królów pisał piękne listy swej żony,polskich królów pisał piękne listy żony,polski król pisać piękny lista żona,"['polskich królów', 'piękne listy']",[],[],[]
65,Po ilu latach małżeństwa obchodzi się stalowe gody?,(),ile rok małżeństwo obchodzić stalowy goda,ilu latach małżeństwa obchodzi stalowe gody,latach małżeństwa obchodzi stalowe gody,rok małżeństwo obchodzić stalowy goda,['stalowe gody'],[],[],[]
66,Który dzień jest dniem przesilenia letniego?,(),dzień dzień przesilenie letni,dzień dniem przesilenia letniego,dzień dniem przesilenia letniego,dzień dzień przesilenie letni,[],['przesilenia letniego'],[],[]
67,Za kogo wyszła Telimena?,"(Telimena,)",kto wyjść Telimen,kogo wyszła Telimena,wyszła Telimena,wyjść Telimen,[],[],[],[]
68,Którego bohatera Tanga grał Piotr Adamczyk?,"(Tanga, Piotr Adamczyk)",bohater Tang grać Piotr Adamczyk,bohatera Tanga grał Piotr Adamczyk,bohatera Tanga grał Piotr Adamczyk,bohater Tang grać Piotr Adamczyk,[],[],[],['Tanga']
69,Na jakim świetle przechodzimy na druga stronę jezdni?,(),jaki światło przechodzić drugi strona jezdnia,jakim świetle przechodzimy druga stronę jezdni,świetle przechodzimy druga stronę jezdni,światło przechodzić drugi strona jezdnia,['druga stronę'],[],[],[]
70,Jaki zakazany owoc zjedli Adam i Ewa?,"(Adam, Ewa)",zakazany owoc zjeść Adam Ewa,zakazany owoc zjedli Adam Ewa,zakazany owoc zjedli Adam Ewa,zakazany owoc zjeść Adam Ewa,['zakazany owoc'],[],[],['Adam']
71,Czyją córką była Persefona?,(),czyj córka persefon,Czyją córką Persefona,córką Persefona,córka persefon,[],[],[],[]
72,Czym posypywane są głowy w Środę Popielcową?,(),co posypywać głowa środa popielcowy,Czym posypywane głowy Środę Popielcową,posypywane głowy Środę Popielcową,posypywać głowa środa popielcowy,[],['Środę Popielcową'],[],[]
73,Kiedy obchodzimy Boże Narodzenie?,"(Boże,)",obchodzić boży narodzenie,obchodzimy Boże Narodzenie,Kiedy obchodzimy Boże Narodzenie,kiedy obchodzić boży narodzenie,['Boże Narodzenie'],[],[],[]
74,Komu Matka Boska objawiła się w Guadelupe?,"(Matka Boska, Guadelupe)",kto matka Bosek objawić Guadelupe,Komu Matka Boska objawiła Guadelupe,Matka Boska objawiła Guadelupe,matka Bosek objawić Guadelupe,[],[],[],['Matka Boska']
75,kogo uratował Jacek Soplica?,"(Jacek Soplica,)",kto uratować Jacek Soplica,kogo uratował Jacek Soplica,uratował Jacek Soplica,uratować Jacek Soplica,[],[],[],[]
76,Jaka jest dokładna data bitwy pod Grunwaldem?,"(Grunwaldem,)",jaki dokładny data bitwa Grunwald,Jaka dokładna data bitwy Grunwaldem,dokładna data bitwy Grunwaldem,dokładny data bitwa Grunwald,['dokładna data'],[],[],[]
77,Kto jest najwyższym zwierzchnikiem Sił Zbrojnych Rzeczypospolitej Polskiej?,"(Sił Zbrojnych Rzeczypospolitej,)",wysoki zwierzchnik siła Zbrojny Rzeczpospolita polski,najwyższym zwierzchnikiem Sił Zbrojnych Rzeczypospolitej Polskiej,najwyższym zwierzchnikiem Sił Zbrojnych Rzeczypospolitej Polskiej,wysoki zwierzchnik siła Zbrojny Rzeczpospolita polski,['najwyższym zwierzchnikiem'],['Sił Zbrojnych'],[],[]
78,który apostoł stał się przysłowiowym sceptykiem?,(),apostoł stać przysłowiowy sceptyk,apostoł stał przysłowiowym sceptykiem,apostoł stał przysłowiowym sceptykiem,apostoł stać przysłowiowy sceptyk,['przysłowiowym sceptykiem'],[],[],[]
79,Z jakiego kraju pochodziła św.Kinga?,"(św., Kinga)",jaki kraj pochodzić święty Kinga,jakiego kraju pochodziła św Kinga,kraju pochodziła Kinga,kraj pochodzić Kinga,[],[],[],[]
80,"Co, według Biblii, było białe jak ziarno kolendra i miało smak placka z miodem ?",(),Biblia biały ziarno kolender mieć smak placka miód,Biblii białe ziarno kolendra miało smak placka miodem,Biblii białe ziarno kolendra miało smak placka miodem,Biblia biały ziarno kolender mieć smak placka miód,[],[],[],"['Biblii,']"
81,Jakiego koloru owoce ma jarzębina ?,(),jaki kolor owoc jarzębina,Jakiego koloru owoce jarzębina,koloru owoce ma jarzębina,kolor owoc mieć jarzębina,[],[],[],[]
82,Przez jaki kontynent wędrują Staś i Nel w powieści Henryka Sienkiewicza pt. „W pustyni i w puszczy” ?,"(Staś, Nel, Henryka Sienkiewicza)",kontynent wędrować Staś Nel powieść Henryk Sienkiewicz pod tytułem pustynia puszcza,kontynent wędrują Staś Nel powieści Henryka Sienkiewicza pt pustyni puszczy,kontynent wędrują Staś Nel powieści Henryka Sienkiewicza pustyni puszczy,kontynent wędrować Staś Nel powieść Henryk Sienkiewicz pustynia puszcza,[],[],[],"['Staś', 'Staś Nel', 'Staś Nel Henryka Sienkiewicza']"
83,Na jakie miasto spadła pierwsza bomba atomowa ?,(),miasto spaść pierwszy bomba atomowy,miasto spadła pierwsza bomba atomowa,miasto spadła pierwsza bomba atomowa,miasto spaść pierwszy bomba atomowy,['pierwsza bomba'],['bomba atomowa'],[],[]
84,Jakie urządzenie potocznie nazywamy „korkiem” ?,(),urządzenie potocznie nazywać korek,urządzenie potocznie nazywamy korkiem,urządzenie potocznie nazywamy korkiem,urządzenie potocznie nazywać korek,[],['urządzenie potocznie'],[],[]
85,Co chroni palec przy szyciu ręcznym przed ukłuciami igły ?,(),chronić palec szycie ręczny ukłucie igła,chroni palec szyciu ręcznym ukłuciami igły,chroni palec szyciu ręcznym ukłuciami igły,chronić palec szycie ręczny ukłucie igła,[],['szyciu ręcznym'],[],[]
86,Co służy do kreślenia tuszem linii na powiece lub wokół oka ?,(),służyć kreślenie tusz linia powiec wokół oko,służy kreślenia tuszem linii powiece wokół oka,służy kreślenia tuszem linii powiece oka,służyć kreślenie tusz linia powiec oko,[],[],[],[]
87,"Jak nazywa się sucha, twarda kiełbasa z nalotem z pleśni ?",(),nazywać suchy twardy kiełbasa nalot pleśń,nazywa sucha twarda kiełbasa nalotem pleśni,Jak nazywa sucha twarda kiełbasa nalotem pleśni,jak nazywać suchy twardy kiełbasa nalot pleśń,['twarda kiełbasa'],[],[],[]
88,Gdzie przesiadywał leń z wiersza Jana Brzechwy ?,"(Jana Brzechwy,)",przesiadywać leń wiersz Jan Brzechwa,przesiadywał leń wiersza Jana Brzechwy,Gdzie przesiadywał leń wiersza Jana Brzechwy,gdzie przesiadywać leń wiersz Jan Brzechwa,[],[],[],[]
89,Jaką bronią posługuje się Eros ?,"(Eros,)",jaki bronić posługiwać Eros,Jaką bronią posługuje Eros,bronią posługuje Eros,bronić posługiwać Eros,[],[],[],[]
90,Do jakiego miasta usilnie próbował dojść Koziołek Matołek ?,"(Koziołek Matołek,)",jaki miasto usilnie próbować dojść Koziołek Matołek,jakiego miasta usilnie próbował dojść Koziołek Matołek,miasta usilnie próbował dojść Koziołek Matołek,miasto usilnie próbować dojść Koziołek Matołek,[],['miasta usilnie'],[],[]
91,Czyją śmierć opłakiwał Jan Kochanowski w swoich trenach ?,"(Jan Kochanowski,)",czyj śmierć opłakiwać Jan Kochanowski swój trena,Czyją śmierć opłakiwał Jan Kochanowski swoich trenach,śmierć opłakiwał Jan Kochanowski trenach,śmierć opłakiwać Jan Kochanowski trena,[],[],[],['Jan Kochanowski']
92,Ile miesięcy trwa prawidłowo przebiegająca ciąża u człowieka ?,(),miesiąc trwać prawidłowo przebiegać ciąża człowiek,miesięcy trwa prawidłowo przebiegająca ciąża człowieka,miesięcy trwa prawidłowo przebiegająca ciąża człowieka,miesiąc trwać prawidłowo przebiegać ciąża człowiek,['przebiegająca ciąża'],[],[],[]
93,Ile metrów ma Pałac Kultury?,"(Pałac Kultury,)",metr Pałac kultura,metrów Pałac Kultury,metrów ma Pałac Kultury,metr mieć Pałac kultura,[],[],[],[]
94,Jakiego człowieka nazywamy żartobliwie „lelum-polelum” ?,(),jaki człowiek nazywać żartobliwie lelum polelum,Jakiego człowieka nazywamy żartobliwie lelum polelum,człowieka nazywamy żartobliwie lelum polelum,człowiek nazywać żartobliwie lelum polelum,[],[],[],[]
95,Co buduje się w stoczni ?,(),budować stocznia,buduje stoczni,buduje stoczni,budować stocznia,[],[],[],[]
96,Jakie imię nosi największy dzwon w Polsce ?,"(Polsce,)",imię nosić duży dzwon Polska,imię nosi największy dzwon Polsce,imię nosi największy dzwon Polsce,imię nosić duży dzwon Polska,['największy dzwon'],[],[],[]
97,Jak inaczej określa się osobę chorą na cukrzycę ?,(),inaczej określać osoba chory cukrzyca,inaczej określa osobę chorą cukrzycę,Jak inaczej określa osobę chorą cukrzycę,jak inaczej określać osoba chory cukrzyca,[],['osobę chorą'],[],[]
98,W jakiej strefie klimatycznej znajduje się Polska?,"(Polska,)",jaki strefa klimatyczny znajdować Polska,jakiej strefie klimatycznej znajduje Polska,strefie klimatycznej znajduje Polska,strefa klimatyczny znajdować Polska,[],['strefie klimatycznej'],[],[]
99,Nad jaką zatoką leży Półwysep Westerplatte ?,"(Półwysep Westerplatte,)",jaki zatoka leżeć półwysep Westerplatte,jaką zatoką leży Półwysep Westerplatte,zatoką leży Półwysep Westerplatte,zatoka leżeć półwysep Westerplatte,[],[],[],[]
100,Kto przez 5 lat mieszkał w wozie cyrkowym we wsi Podgradowice ?,"(Podgradowice,)",5 mieszkać wóz cyrkowy wieś podgradowić,5 mieszkał wozie cyrkowym wsi Podgradowice,lat mieszkał wozie cyrkowym wsi Podgradowice,rok mieszkać wóz cyrkowy wieś podgradowić,[],"['wozie cyrkowym', 'wsi Podgradowice']",[],[]
101,Gdzie w 1963 roku zastrzelono J. F. Kennedy’ego ?,"(1963 roku, J., F., Kennedy)",1963 zastrzelić J F Kennedy,1963 zastrzelono J F Kennedy’ego,Gdzie 1963 roku zastrzelono Kennedy’ego,gdzie 1963 rok zastrzelić Kennedy,['1963 roku'],[],[],[]
102,Skąd wyruszył Ferdynand Magellan?,"(Ferdynand Magellan,)",wyruszyć Ferdynand Magellan,wyruszył Ferdynand Magellan,Skąd wyruszył Ferdynand Magellan,skąd wyruszyć Ferdynand Magellan,[],[],[],[]
103,Jaki numer nosił Rudy – czołg „Czterej pancernych” ?,"(Rudy,)",numer nosić Ruda czołg czterej pancerny,numer nosił Rudy czołg Czterej pancernych,numer nosił Rudy czołg Czterej pancernych,numer nosić Ruda czołg czterej pancerny,[],['Czterej pancernych'],[],['Rudy']
104,Wirtuozem gry na jakim instrumencie był Niccolo Paganini ?,"(Niccolo Paganini,)",wirtuoz gra jaki instrument Niccolo Paganini,Wirtuozem gry jakim instrumencie Niccolo Paganini,Wirtuozem gry instrumencie Niccolo Paganini,wirtuoz gra instrument Niccolo Paganini,[],[],[],[]
105,Jakiego zawodu uczył się manolin?,(),jaki zawód uczyć manolina,Jakiego zawodu uczył manolin,zawodu uczył manolin,zawód uczyć manolina,[],[],[],[]
106,Kiedy obchodzone jest „Halloween” ?,(),obchodzić hallowenny,obchodzone Halloween,Kiedy obchodzone Halloween,kiedy obchodzić hallowenny,[],[],[],[]
107,O czyim pojedynku opowiada Wojski w powieści Adama Mickiewicza pt. „Pan Tadeusz” ?,"(Wojski, Adama Mickiewicza, Tadeusz)",czyj pojedynek opowiadać Wojski powieść Adam Mickiewicz pod tytułem Tadeusz,czyim pojedynku opowiada Wojski powieści Adama Mickiewicza pt Tadeusz,pojedynku opowiada Wojski powieści Adama Mickiewicza Pan Tadeusz,pojedynek opowiadać Wojski powieść Adam Mickiewicz pan Tadeusz,[],[],[],"['Wojski', 'Wojski Adama Mickiewicza']"
108,Patronem jakiego kraju jest św. Patryk ?,"(św., Patryk)",patron jaki kraj święty Patryk,Patronem jakiego kraju św Patryk,Patronem kraju jest Patryk,patron kraj być Patryk,[],[],[],[]
109,W jakiej roli wystąpił Tom Cruise w filmie pt. „Top Gun” ?,"(Tom Cruise,)",jaki rola wystąpić Tom Cruise film pod tytułem Top Gun,jakiej roli wystąpił Tom Cruise filmie pt Top Gun,roli wystąpił Tom Cruise filmie Top Gun,rola wystąpić Tom Cruise film Top Gun,[],[],[],['Tom Cruise']
110,Do kogo Jan Sobieski pisał pełne miłosnych wyznań listy ?,"(Jan Sobieski,)",kto Jan Sobieski pisać pełny miłosny wyznanie lista,kogo Jan Sobieski pisał pełne miłosnych wyznań listy,Jan Sobieski pisał pełne miłosnych wyznań listy,Jan Sobieski pisać pełny miłosny wyznanie lista,['miłosnych wyznań'],[],[],['Jan Sobieski']
111,Jak nazywa się przenośny namiot Mongołów ?,(),nazywać przenośny namiot Mongołów,nazywa przenośny namiot Mongołów,Jak nazywa przenośny namiot Mongołów,jak nazywać przenośny namiot Mongołów,['przenośny namiot'],[],[],[]
112,Który z piłkarzy na mistrzostwach świata w Meksyku w 1986 roku zdobył gola dzięki „ręce boskiej” ?,"(Meksyku, 1986 roku, boskiej)",piłkarz mistrzostwa świat Meksyk 1986 zdobyć gol dzięki ręka boski,piłkarzy mistrzostwach świata Meksyku 1986 zdobył gola dzięki ręce boskiej,piłkarzy mistrzostwach świata Meksyku 1986 roku zdobył gola ręce boskiej,piłkarz mistrzostwa świat Meksyk 1986 rok zdobyć gol ręka boski,['1986 roku'],['ręce boskiej'],[],['Meksyku']
113,Skąd wywodzi się joga ?,(),wywodzić joga,wywodzi joga,Skąd wywodzi joga,skąd wywodzić joga,[],[],[],[]
114,Jakim elementem architektonicznym jest gargulec ?,(),jaki element architektoniczny gargulec,Jakim elementem architektonicznym gargulec,elementem architektonicznym gargulec,element architektoniczny gargulec,[],['elementem architektonicznym'],[],[]
115,Koło jakiego miasta znajduje się znany z fabryk mebli – Swarzędz ?,"(Swarzędz,)",koło jaki miasto znajdować znany fabryka mebel Swarzędz,Koło jakiego miasta znajduje znany fabryk mebli Swarzędz,miasta znajduje znany fabryk mebli Swarzędz,miasto znajdować znany fabryka mebel Swarzędz,[],[],[],[]
116,Kto 1 lipca 1997 roku przekazał Chinom władzę nad Hongkongiem ?,"(1 lipca 1997 roku, Chinom, Hongkongiem)",1 lipiec 1997 przekazać Chiny władza Hongkong,1 lipca 1997 przekazał Chinom władzę Hongkongiem,1 lipca 1997 roku przekazał Chinom władzę Hongkongiem,1 lipiec 1997 rok przekazać Chiny władza Hongkong,"['1 lipca', '1997 roku']",['lipca 1997'],[],['Chinom']
117,"Jakie imię otrzymała fregata rakietowa USS „Clark”, podarowana Polsce przez Stany Zjednoczone ?","(USS „Clark”, Polsce, Stany Zjednoczone)",imię otrzymać fregat rakietowy USS Clark podarować Polska Stany Zjednoczone,imię otrzymała fregata rakietowa USS Clark podarowana Polsce Stany Zjednoczone,imię otrzymała fregata rakietowa USS Clark podarowana Polsce Stany Zjednoczone,imię otrzymać fregat rakietowy USS Clark podarować Polska Stany Zjednoczone,[],['fregata rakietowa'],[],"['USS', 'USS Polsce']"
118,Kiedy obchodzony jest Dzień Matki ?,(),obchodzić dzień matka,obchodzony Dzień Matki,Kiedy obchodzony Dzień Matki,kiedy obchodzić dzień matka,[],[],[],[]
119,Kim dla Juliusza Kossaka była Zofia Kossak-Szczucka ?,"(Juliusza Kossaka, Zofia Kossak-Szczucka)",kto Juliusz Kossak Zofia Kossak Szczuck,Kim Juliusza Kossaka Zofia Kossak Szczucka,Juliusza Kossaka Zofia Kossak Szczucka,Juliusz Kossak Zofia Kossak Szczuck,[],[],[],['Juliusza Kossaka']
120,"Z jakiego kraju pochodził zespół Omega, znany m.in. z przeboju pt. „Dziewczyna o perłowych włosach” ?","(Omega,)",jaki kraj pochodzić zespół Omeg znany między innymi przebój pod tytułem dziewczyna perłowy włos,jakiego kraju pochodził zespół Omega znany m.in przeboju pt Dziewczyna perłowych włosach,kraju pochodził zespół Omega znany przeboju Dziewczyna perłowych włosach,kraj pochodzić zespół Omeg znany przebój dziewczyna perłowy włos,['perłowych włosach'],[],[],"['Omega,']"
121,Czym jest „Zefirek” zaprojektowany przez Biuro Konstrukcyjne Zakładów Radiowych „Eltra”?,"(Biuro Konstrukcyjne Zakładów Radiowych „Eltra”,)",co Zefirek zaprojektować biuro konstrukcyjny zakład radiowy Elter,Czym Zefirek zaprojektowany Biuro Konstrukcyjne Zakładów Radiowych Eltra,Zefirek zaprojektowany Biuro Konstrukcyjne Zakładów Radiowych Eltra,Zefirek zaprojektować biuro konstrukcyjny zakład radiowy Elter,['Konstrukcyjne Zakładów'],"['Biuro Konstrukcyjne', 'Zakładów Radiowych']",[],['Biuro Konstrukcyjne Zakładów Radiowych']
122,Jaką kolonię uważano za „klejnot w koronie” brytyjskiego imperium ?,"(brytyjskiego,)",jaki kolonia uważać klejnot korona brytyjski imperium,Jaką kolonię uważano klejnot koronie brytyjskiego imperium,kolonię uważano klejnot koronie brytyjskiego imperium,kolonia uważać klejnot korona brytyjski imperium,['brytyjskiego imperium'],[],[],[]
123,Co ile lat odbywa się Międzynarodowy Konkurs Pianistyczny im. Fryderyka Chopina ?,"(Międzynarodowy Konkurs Pianistyczny im., Fryderyka Chopina)",odbywać międzynarodowy konkurs pianistyczny Fryderyka Chopin,odbywa Międzynarodowy Konkurs Pianistyczny Fryderyka Chopina,lat odbywa Międzynarodowy Konkurs Pianistyczny Fryderyka Chopina,rok odbywać międzynarodowy konkurs pianistyczny Fryderyka Chopin,['Międzynarodowy Konkurs'],['Konkurs Pianistyczny'],[],['Międzynarodowy Konkurs Pianistyczny']
124,W którym roku po raz pierwszy odbył się Międzynarodowy Konkurs Pianistyczny im. Fryderyka Chopina?,"(Międzynarodowy Konkurs Pianistyczny im., Fryderyka Chopina)",raz pierwszy odbyć międzynarodowy konkurs pianistyczny Fryderyka Chopin,raz pierwszy odbył Międzynarodowy Konkurs Pianistyczny Fryderyka Chopina,roku raz pierwszy odbył Międzynarodowy Konkurs Pianistyczny Fryderyka Chopina,rok raz pierwszy odbyć międzynarodowy konkurs pianistyczny Fryderyka Chopin,['Międzynarodowy Konkurs'],"['raz pierwszy', 'Konkurs Pianistyczny']",[],['Międzynarodowy Konkurs Pianistyczny']
125,Jaki kolor ma likier aromatyzowany orzechem kokosowym ?,(),kolor likier aromatyzować orzech kokosowy,kolor likier aromatyzowany orzechem kokosowym,kolor ma likier aromatyzowany orzechem kokosowym,kolor mieć likier aromatyzować orzech kokosowy,['aromatyzowany orzechem'],"['likier aromatyzowany', 'orzechem kokosowym']",[],[]
126,Do kogo Reinhold Messner przesłał depeszę tej treści: „Nie jesteś drugi – jesteś wielki” ?,"(Reinhold Messner,)",kto Reinhold Messner przesłać depesza treść być drugi być wielki,kogo Reinhold Messner przesłał depeszę treści jesteś drugi jesteś wielki,Reinhold Messner przesłał depeszę treści drugi wielki,Reinhold Messner przesłać depesza treść drugi wielki,[],[],[],['Reinhold Messner']
127,Które miejsce zajęli Polacy w piłce nożnej na olimpiadzie w Barcelonie w 1992 roku ?,"(Polacy, Barcelonie, 1992 roku)",miejsce zająć Polak piłka nożny olimpiad Barcelona 1992,miejsce zajęli Polacy piłce nożnej olimpiadzie Barcelonie 1992,miejsce zajęli Polacy piłce nożnej olimpiadzie Barcelonie 1992 roku,miejsce zająć Polak piłka nożny olimpiad Barcelona 1992 rok,['1992 roku'],['piłce nożnej'],[],"['Polacy', 'Polacy Barcelonie']"
128,Pod jakim pseudonimem pisał Aleksander Głowacki ?,"(Aleksander Głowacki,)",jaki pseudonim pisać Aleksander Głowacki,jakim pseudonimem pisał Aleksander Głowacki,pseudonimem pisał Aleksander Głowacki,pseudonim pisać Aleksander Głowacki,[],[],[],[]
129,Kiedy zginęli w Sarajewie z rąk zamachowca arcyksiążę Franciszek Ferdynand i jego żona ?,"(Sarajewie, Franciszek Ferdynand)",zginąć Sarajew ręka zamachowiec arcyksiąż Franciszek Ferdynand żona,zginęli Sarajewie rąk zamachowca arcyksiążę Franciszek Ferdynand żona,Kiedy zginęli Sarajewie rąk zamachowca arcyksiążę Franciszek Ferdynand żona,kiedy zginąć Sarajew ręka zamachowiec arcyksiąż Franciszek Ferdynand żona,[],[],[],"['Sarajewie', 'Sarajewie Franciszek Ferdynand']"
130,Jakiej narodowości był słynny pilot „czerwony baron” ?,(),jaki narodowość słynny pilot czerwony baron,Jakiej narodowości słynny pilot czerwony baron,narodowości słynny pilot czerwony baron,narodowość słynny pilot czerwony baron,"['słynny pilot', 'czerwony baron']",[],[],[]
131,Na jakiej wysokości zawieszona jest obręcz kosza w koszykówce ?,(),jaki wysokość zawiesić obręcz kosz koszykówka,jakiej wysokości zawieszona obręcz kosza koszykówce,wysokości zawieszona obręcz kosza koszykówce,wysokość zawiesić obręcz kosz koszykówka,[],['wysokości zawieszona'],[],[]
132,"Na jakim instrumencie gra Adam Makowicz, instrumentalista i kompozytor jazzowy ?","(Adam Makowicz,)",jaki instrument grać Adam Makowicz instrumentalista kompozytor jazzowy,jakim instrumencie gra Adam Makowicz instrumentalista kompozytor jazzowy,instrumencie gra Adam Makowicz instrumentalista kompozytor jazzowy,instrument grać Adam Makowicz instrumentalista kompozytor jazzowy,[],['kompozytor jazzowy'],[],"['Adam Makowicz,']"
133,Kogo Merkator umieścił na okładce sporządzonego przez siebie pierwszego zbioru map ? ,"(Merkator,)",kto Merkator umieścić okładka sporządzić siebie pierwszy zbiór mapa,Kogo Merkator umieścił okładce sporządzonego siebie pierwszego zbioru map,Merkator umieścił okładce sporządzonego pierwszego zbioru map,Merkator umieścić okładka sporządzić pierwszy zbiór mapa,['pierwszego zbioru'],['okładce sporządzonego'],[],['Merkator']
134,Jaka liczba odpowiada rzymskiemu zapisowi LX ?,(),jaki liczba odpowiadać rzymski zapis LX,Jaka liczba odpowiada rzymskiemu zapisowi LX,liczba odpowiada rzymskiemu zapisowi LX,liczba odpowiadać rzymski zapis LX,['rzymskiemu zapisowi'],[],[],[]
135,Jakie terytorium weszło w posiadanie Wielkiej Brytanii na mocy układu nankińskiego z 1842 roku ?,"(Wielkiej Brytanii, 1842 roku)",terytorium wejść posiadać Wielki Brytania moc układ nankiński 1842,terytorium weszło posiadanie Wielkiej Brytanii mocy układu nankińskiego 1842,terytorium weszło posiadanie Wielkiej Brytanii mocy układu nankińskiego 1842 roku,terytorium wejść posiadać Wielki Brytania moc układ nankiński 1842 rok,['1842 roku'],"['posiadanie Wielkiej', 'układu nankińskiego']",[],['Wielkiej Brytanii']
136,Który z budynków Nowego Jorku przyozdobiony jest gargulcami w kształcie orlich głów ?,"(Nowego Jorku,)",budynek Nowy Jork przyozdobić gargulec kształt orly głowa,budynków Nowego Jorku przyozdobiony gargulcami kształcie orlich głów,budynków Nowego Jorku przyozdobiony gargulcami kształcie orlich głów,budynek Nowy Jork przyozdobić gargulec kształt orly głowa,['orlich głów'],"['budynków Nowego', 'kształcie orlich']",[],['Nowego Jorku']
137,Od jakiej głębokości zaczyna się abisal ?,(),jaki głębokość zaczynać abisać,jakiej głębokości zaczyna abisal,głębokości zaczyna abisal,głębokość zaczynać abisać,[],[],[],[]
138,"Na jakim szczycie Kordian, tytułowy bohater dramatu Juliusza Słowackiego, wygłasza swój monolog ?","(Kordian, Juliusza Słowackiego)",jaki szczyt Kordian tytułowy bohater dramat Juliusz Słowacki wygłaszać swój monolog,jakim szczycie Kordian tytułowy bohater dramatu Juliusza Słowackiego wygłasza swój monolog,szczycie Kordian tytułowy bohater dramatu Juliusza Słowackiego wygłasza monolog,szczyt Kordian tytułowy bohater dramat Juliusz Słowacki wygłaszać monolog,['tytułowy bohater'],[],[],"['Kordian,', 'Kordian, Juliusza Słowackiego,']"
139,Jakiego typu stawem jest staw biodrowy ?,(),jaki typ staw staw biodrowy,Jakiego typu stawem staw biodrowy,typu stawem staw biodrowy,typ staw staw biodrowy,[],['staw biodrowy'],[],[]
140,W jakim wieku zmarł czesław niemen?,"(czesław niemen,)",jaki wiek zemrzeć czesława niemen,jakim wieku zmarł czesław niemen,wieku zmarł czesław niemen,wiek zemrzeć czesława niemen,[],[],[],[]
141,W jakim mieście toczy się akcja opowiadania Andrzeja Sapkowskiego pt. „W leju po bombie” ?,"(Andrzeja Sapkowskiego,)",jaki miasto toczyć akcja opowiadanie Andrzej Sapkowski pod tytułem lej bomba,jakim mieście toczy akcja opowiadania Andrzeja Sapkowskiego pt leju bombie,mieście toczy akcja opowiadania Andrzeja Sapkowskiego leju bombie,miasto toczyć akcja opowiadanie Andrzej Sapkowski lej bomba,[],[],[],['Andrzeja Sapkowskiego']
142,Gdzie znajduje się Muzeum im. Przypkowskich i wspaniała kolekcja zegarów słonecznych ?,"(Muzeum im.,)",znajdować muzeum przypkowski wspaniały kolekcja zegar słoneczny,znajduje Muzeum Przypkowskich wspaniała kolekcja zegarów słonecznych,Gdzie znajduje Muzeum Przypkowskich wspaniała kolekcja zegarów słonecznych,gdzie znajdować muzeum przypkowski wspaniały kolekcja zegar słoneczny,['wspaniała kolekcja'],['zegarów słonecznych'],[],['Muzeum']
143,Czyim patronem jest św. Hubert ?,"(św., Hubert)",czyj patron święty Hubert,Czyim patronem św Hubert,patronem jest Hubert,patron być Hubert,[],[],[],[]
144,Ile waży kobieca kula używana w konkurencji pchnięcia kulą ?,(),ważyć kobiecy kula używać konkurencja pchnięcie kula,waży kobieca kula używana konkurencji pchnięcia kulą,waży kobieca kula używana konkurencji pchnięcia kulą,ważyć kobiecy kula używać konkurencja pchnięcie kula,['kobieca kula'],['kula używana'],[],[]
145,Czego domagał się Charon za przewiezienie przez Styks?,"(Charon, Styks)",co domagać charon przewiezienie Styks,Czego domagał Charon przewiezienie Styks,domagał Charon przewiezienie Styks,domagać charon przewiezienie Styks,[],[],[],['Charon']
146,Komu ludzie zawdzięczali posiadanie ognia?,(),kto człowiek zawdzięczać posiadać ogień,Komu ludzie zawdzięczali posiadanie ognia,ludzie zawdzięczali posiadanie ognia,człowiek zawdzięczać posiadać ogień,[],[],[],[]
147,Ile razy Styks okrążał królestwo podziemi?,"(Styks,)",raz Styks okrążać królestwo podzień,razy Styks okrążał królestwo podziemi,razy Styks okrążał królestwo podziemi,raz Styks okrążać królestwo podzień,[],[],[],['Styks']
148,"Jak nazywał się piękny myśliwy, w którym zakochała się Afrodyta?","(Afrodyta,)",nazywać piękny myśliwa zakochać Afrodyt,nazywał piękny myśliwy zakochała Afrodyta,Jak nazywał piękny myśliwy zakochała Afrodyta,jak nazywać piękny myśliwa zakochać Afrodyt,['piękny myśliwy'],[],[],[]
149,Jak długo trwały Panatenaje?,"(Panatenaje,)",długo trwać Panatenaje,długo trwały Panatenaje,Jak długo trwały Panatenaje,jak długo trwać Panatenaje,[],[],[],[]
150,"Kogo nazywano ""dobrym pasterzem"" w Arkadii?","(Arkadii,)",kto nazywać dobry pasterz Arkadia,Kogo nazywano dobrym pasterzem Arkadii,nazywano dobrym pasterzem Arkadii,nazywać dobry pasterz Arkadia,['dobrym pasterzem'],[],['dobrym pasterzem'],[]
151,Na której z wysp leżą dwa państwa ?,(),wyspa leżeć państwo,wysp leżą państwa,wysp leżą państwa,wyspa leżeć państwo,[],[],[],[]
152,Skąd pochodził Spartakus ?,"(Spartakus,)",pochodzić Spartakus,pochodził Spartakus,Skąd pochodził Spartakus,skąd pochodzić Spartakus,[],[],[],[]
153,W którym roku utworzono Polskie Koleje Państwowe ?,"(Polskie Koleje Państwowe,)",utworzyć polski kolej państwowy,utworzono Polskie Koleje Państwowe,roku utworzono Polskie Koleje Państwowe,rok utworzyć polski kolej państwowy,['Polskie Koleje'],['Koleje Państwowe'],[],[]
154,Jaki straszliwy przedmiot zamówili Cyklopi chcący zemścić się na Herze?,"(Cyklopi, Herze)",straszliwy przedmiot zamówić Cyklop chcieć zemścić Herzy,straszliwy przedmiot zamówili Cyklopi chcący zemścić Herze,straszliwy przedmiot zamówili Cyklopi chcący zemścić Herze,straszliwy przedmiot zamówić Cyklop chcieć zemścić Herzy,['straszliwy przedmiot'],[],[],['Cyklopi']
155,W którym wieku wielka epidemia dżumy zebrała żniwo trzydziestu procent ludności Europy ?,"(Europy,)",wiek wielki epidemia dżum zebrać żniwo trzystieści procent ludność Europa,wieku wielka epidemia dżumy zebrała żniwo trzydziestu procent ludności Europy,wieku wielka epidemia dżumy zebrała żniwo procent ludności Europy,wiek wielki epidemia dżum zebrać żniwo procent ludność Europa,['wielka epidemia'],['wieku wielka'],[],[]
156,Na terenie jakiego państwa znajduje się jezioro Bałchasz ?,"(Bałchasz,)",teren jaki państwo znajdować jezioro Bałchasz,terenie jakiego państwa znajduje jezioro Bałchasz,terenie państwa znajduje jezioro Bałchasz,teren państwo znajdować jezioro Bałchasz,[],[],[],[]
157,W której bitwie zginął hetman Stanisław Żółkiewski ?,"(Stanisław Żółkiewski,)",bitwa zginąć hetman Stanisław Żółkiewski,bitwie zginął hetman Stanisław Żółkiewski,bitwie zginął hetman Stanisław Żółkiewski,bitwa zginąć hetman Stanisław Żółkiewski,[],[],[],[]
158,Jak nazywał się ukochany Madame Butterfly ?,(),nazywać ukochać Madame Butterfly,nazywał ukochany Madame Butterfly,Jak nazywał ukochany Madame Butterfly,jak nazywać ukochać Madame Butterfly,[],[],[],[]
159,"Który z bogów Egiptu został zabity przez Seta, rozerwany na kawałki i rozrzucony po świecie ?","(Egiptu, Seta)",bóg Egipt zabity Seta rozerwać kawałek rozrzucić świat,bogów Egiptu zabity Seta rozerwany kawałki rozrzucony świecie,bogów Egiptu zabity Seta rozerwany kawałki rozrzucony świecie,bóg Egipt zabity Seta rozerwać kawałek rozrzucić świat,[],[],[],"['Egiptu', 'Egiptu Seta,']"
160,Po jakiej bitwie ustanowiony został Order Virtuti Militari ?,"(Virtuti Militari,)",jaki bitwa ustanowić order Virtuti Militari,jakiej bitwie ustanowiony Order Virtuti Militari,bitwie ustanowiony Order Virtuti Militari,bitwa ustanowić order Virtuti Militari,[],['bitwie ustanowiony'],[],[]
161,Gdzie skończyła szkołę filmową Agnieszka Holland ?,"(Agnieszka Holland,)",skończyć szkoła filmowy Agnieszka Holland,skończyła szkołę filmową Agnieszka Holland,Gdzie skończyła szkołę filmową Agnieszka Holland,gdzie skończyć szkoła filmowy Agnieszka Holland,[],['szkołę filmową'],[],[]
162,Który z instrumentów dętych posiada suwak ?,(),instrument dęty posiadać suwak,instrumentów dętych posiada suwak,instrumentów dętych posiada suwak,instrument dęty posiadać suwak,[],['instrumentów dętych'],[],[]
163,Jaki kształt liści ma miłorząb ?,(),kształt liść miłorząb,kształt liści miłorząb,kształt liści ma miłorząb,kształt liść mieć miłorząb,[],[],[],[]
164,Którego z królów Polski prawdopodobnie obłąkany Michał Piekarski ranił czekanem w głowę ?,"(Polski, Michał Piekarski)",król Polska prawdopodobnie obłąkać Michał Piekarski ranić czekać głowa,królów Polski prawdopodobnie obłąkany Michał Piekarski ranił czekanem głowę,królów Polski prawdopodobnie obłąkany Michał Piekarski ranił czekanem głowę,król Polska prawdopodobnie obłąkać Michał Piekarski ranić czekać głowa,[],[],[],"['Polski', 'Polski Michał Piekarski']"
165,W jakim kraju znajdują się góry Kaledońskie ?,"(Kaledońskie,)",jaki kraj znajdować góra kaledoński,jakim kraju znajdują góry Kaledońskie,kraju znajdują góry Kaledońskie,kraj znajdować góra kaledoński,[],['góry Kaledońskie'],[],[]
166,Gdzie w 1999 roku odbył się Przystanek Woodstock ?,"(1999 roku, Przystanek Woodstock)",1999 odbyć przystanek Woodstock,1999 odbył Przystanek Woodstock,Gdzie 1999 roku odbył Przystanek Woodstock,gdzie 1999 rok odbyć przystanek Woodstock,['1999 roku'],[],[],[]
167,Jak miał na nazwisko tytułowy bohater noweli Henryka Sienkiewicza pt. „Latarnik” ?,"(Henryka Sienkiewicza,)",mieć nazwisko tytułowy bohater nowela Henryk Sienkiewicz pod tytułem Latarnik,miał nazwisko tytułowy bohater noweli Henryka Sienkiewicza pt Latarnik,Jak miał nazwisko tytułowy bohater noweli Henryka Sienkiewicza Latarnik,jak mieć nazwisko tytułowy bohater nowela Henryk Sienkiewicz Latarnik,['tytułowy bohater'],['nazwisko tytułowy'],[],['Henryka Sienkiewicza']
168,Ile lat nie było Tadeusza w domu?,"(Tadeusza,)",Tadeusz dom,Tadeusza domu,lat było Tadeusza domu,rok być Tadeusz dom,[],[],[],['Tadeusza']
169,Który z bohaterów Pana Tadeusza grał na rogu myśliwskim?,"(Tadeusza,)",bohater Tadeusz grać róg myśliwski,bohaterów Tadeusza grał rogu myśliwskim,bohaterów Pana Tadeusza grał rogu myśliwskim,bohater pan Tadeusz grać róg myśliwski,[],['rogu myśliwskim'],[],['Pana Tadeusza']
170,Ile zapłacił Wokulski za kamienicę Łęckich?,"(Wokulski, Łęckich)",zapłacić Wokulski kamienica Łęcki,zapłacił Wokulski kamienicę Łęckich,zapłacił Wokulski kamienicę Łęckich,zapłacić Wokulski kamienica Łęcki,[],[],[],['Wokulski']
171,Jak nazywała się żona Stanisława Wokulskiego?,"(Stanisława Wokulskiego,)",nazywać żona Stanisław Wokulski,nazywała żona Stanisława Wokulskiego,Jak nazywała żona Stanisława Wokulskiego,jak nazywać żona Stanisław Wokulski,[],[],[],[]
172,Z ilu rozdziałów składa się „Lalka”?,"(„Lalka”,)",ile rozdział składać lalka,ilu rozdziałów składa Lalka,rozdziałów składa Lalka,rozdział składać lalka,[],[],[],[]
173,Na czyje zaproszenie przyjeżdża Wokulski do Zasławka?,"(Wokulski, Zasławka)",czyj zaproszenie przyjeżdżać Wokulski Zasławek,czyje zaproszenie przyjeżdża Wokulski Zasławka,zaproszenie przyjeżdża Wokulski Zasławka,zaproszenie przyjeżdżać Wokulski Zasławek,[],[],[],['Wokulski']
174,"W jakim państwie wybuchła w 1833 roku wojna domowa, zwana pierwszą wojną karlistowską ?","(1833 roku, karlistowską)",jaki państwo wybuchnąć 1833 wojna domowy zwać pierwszy wojna karlistowski,jakim państwie wybuchła 1833 wojna domowa zwana pierwszą wojną karlistowską,państwie wybuchła 1833 roku wojna domowa zwana pierwszą wojną karlistowską,państwo wybuchnąć 1833 rok wojna domowy zwać pierwszy wojna karlistowski,"['1833 roku', 'pierwszą wojną']","['wojna domowa', 'wojną karlistowską']",[],[]
175,"ilu braci miał Robinson Crusoe, główny bohater powieści Daniela Defoe ?","(Robinson Crusoe, Daniela Defoe)",ile brat mieć Robinson Crusoe główny bohater powieść Daniela Defoe,ilu braci miał Robinson Crusoe główny bohater powieści Daniela Defoe,braci miał Robinson Crusoe główny bohater powieści Daniela Defoe,brat mieć Robinson Crusoe główny bohater powieść Daniela Defoe,['główny bohater'],[],[],"['Robinson Crusoe,']"
176,Z kim 30 listopada 1988 roku Lech Wałęsa przeprowadził debatę telewizyjną ?,"(30 listopada 1988 roku, Lech Wałęsa)",kto 30 listopad 1988 Lech Wałęsa przeprowadzić debata telewizyjny,kim 30 listopada 1988 Lech Wałęsa przeprowadził debatę telewizyjną,30 listopada 1988 roku Lech Wałęsa przeprowadził debatę telewizyjną,30 listopad 1988 rok Lech Wałęsa przeprowadzić debata telewizyjny,"['30 listopada', '1988 roku']","['listopada 1988', 'debatę telewizyjną']",[],['Lech Wałęsa']
177,Ile mililitrów krwi przepływa przez nerki dorosłego człowieka w ciągu minuty ?,(),mililitr krew przepływać nerka dorosły człowiek ciąg minuta,mililitrów krwi przepływa nerki dorosłego człowieka ciągu minuty,mililitrów krwi przepływa nerki dorosłego człowieka ciągu minuty,mililitr krew przepływać nerka dorosły człowiek ciąg minuta,['dorosłego człowieka'],['nerki dorosłego'],[],[]
178,W którym roku niemiecki majster piekarniczy Karol Wedel założył w Warszawie fabrykę słodyczy ?,"(niemiecki, Karol Wedel, Warszawie)",niemiecki majster piekarniczy Karol Wedel założyć Warszawa fabryka słodycze,niemiecki majster piekarniczy Karol Wedel założył Warszawie fabrykę słodyczy,roku niemiecki majster piekarniczy Karol Wedel założył Warszawie fabrykę słodyczy,rok niemiecki majster piekarniczy Karol Wedel założyć Warszawa fabryka słodycze,['niemiecki majster'],"['roku niemiecki', 'majster piekarniczy']",[],"['Karol Wedel', 'Karol Wedel Warszawie']"
179,Jakie barwy powstaną z połąćzenia barw czerwonej i żółtej?,(),barwa powstać połąć barwa czerwony żółty,barwy powstaną połąćzenia barw czerwonej żółtej,barwy powstaną połąćzenia barw czerwonej żółtej,barwa powstać połąć barwa czerwony żółty,[],['barw czerwonej'],[],[]
180,Jaki kształt ma reprezentacyjny gabinet prezydenta w Białym Domu ?,"(Białym Domu,)",kształt reprezentacyjny gabinet prezydent biały dom,kształt reprezentacyjny gabinet prezydenta Białym Domu,kształt ma reprezentacyjny gabinet prezydenta Białym Domu,kształt mieć reprezentacyjny gabinet prezydent biały dom,"['reprezentacyjny gabinet', 'Białym Domu']",[],[],[]
181,Jakie nakrycie głowy stosuje zawodnik dyscypliny ujeżdżenia ?,(),nakrycie głowa stosować zawodnik dyscyplina ujeżdżenie,nakrycie głowy stosuje zawodnik dyscypliny ujeżdżenia,nakrycie głowy stosuje zawodnik dyscypliny ujeżdżenia,nakrycie głowa stosować zawodnik dyscyplina ujeżdżenie,[],[],[],[]
182,Ilu korcom odpowiadał łaszt gdański ?,"(gdański,)",ile koriec odpowiadać łaszt gdański,Ilu korcom odpowiadał łaszt gdański,korcom odpowiadał łaszt gdański,koriec odpowiadać łaszt gdański,[],['łaszt gdański'],[],[]
183,W którym roku powstała „ Solidarność”?,"(„ Solidarność”,)",powstać solidarność,powstała Solidarność,roku powstała Solidarność,rok powstać solidarność,[],[],[],[]
184,Ile dni wynosi różnica pomiędzy kalendarzem juliańskim a gregoriańskim?,"(juliańskim, gregoriańskim)",dzień wynosić różnica pomiędzy kalendarz juliański gregoriański,dni wynosi różnica pomiędzy kalendarzem juliańskim gregoriańskim,dni wynosi różnica kalendarzem juliańskim gregoriańskim,dzień wynosić różnica kalendarz juliański gregoriański,[],['kalendarzem juliańskim'],[],[]
185,Jak długo Polska znajdowała się pod zaborami?,"(Polska,)",długo Polska znajdować zabór,długo Polska znajdowała zaborami,Jak długo Polska znajdowała zaborami,jak długo Polska znajdować zabór,[],[],[],['Polska']
186,W jakim stylu jest zbudowany kościół mariacki?,(),jaki styl zbudować kościół mariacki,jakim stylu zbudowany kościół mariacki,stylu zbudowany kościół mariacki,styl zbudować kościół mariacki,['zbudowany kościół'],['kościół mariacki'],[],[]
187,Jaką dzielnicę otrzymywał najstarszy syn za sprawą testamentu Bolesława Krzywoustego?,"(Bolesława Krzywoustego,)",jaki dzielnica otrzymywać stary syn sprawa testament Bolesław Krzywousty,Jaką dzielnicę otrzymywał najstarszy syn sprawą testamentu Bolesława Krzywoustego,dzielnicę otrzymywał najstarszy syn sprawą testamentu Bolesława Krzywoustego,dzielnica otrzymywać stary syn sprawa testament Bolesław Krzywousty,['najstarszy syn'],[],[],[]
188,Jaki system społeczno-gospodarczy panował w średniowiecznej Europie?,"(Europie,)",system społeczny gospodarczy panować średniowieczny Europa,system społeczno gospodarczy panował średniowiecznej Europie,system społeczno gospodarczy panował średniowiecznej Europie,system społeczny gospodarczy panować średniowieczny Europa,[],['system społeczno'],[],[]
189,Jaka jest największa liczba trzycyfrowa?,(),jaki duży liczba trzycyfrowy,Jaka największa liczba trzycyfrowa,największa liczba trzycyfrowa,duży liczba trzycyfrowy,['największa liczba'],['liczba trzycyfrowa'],[],[]
190,Jaka jest najmniejsza wspólna wielokrotność liczby 2 i 3?,(),jaki mały wspólny wielokrotność liczba 2 3,Jaka najmniejsza wspólna wielokrotność liczby 2 3,najmniejsza wspólna wielokrotność liczby,mały wspólny wielokrotność liczba,['wspólna wielokrotność'],[],[],[]
191,Kiedy rozpoczęła się pierwsza wojna punicka?,(),rozpocząć pierwszy wojna punicki,rozpoczęła pierwsza wojna punicka,Kiedy rozpoczęła pierwsza wojna punicka,kiedy rozpocząć pierwszy wojna punicki,['pierwsza wojna'],['wojna punicka'],[],[]
192,Ile tez przybił na drzwiach kościoła w Wittenberdze Marcin Luter w1517 roku?,"(Wittenberdze, Marcin Luter)",tez przybić drzwi kościół Wittenber Marcin Luter w1517,tez przybił drzwiach kościoła Wittenberdze Marcin Luter w1517,przybił drzwiach kościoła Wittenberdze Marcin Luter w1517 roku,przybić drzwi kościół Wittenber Marcin Luter w1517 rok,['w1517 roku'],[],[],['Wittenberdze Marcin Luter']
193,Gdzie urodził się Jerzy Fryderyk Haendel?,"(Jerzy Fryderyk Haendel,)",urodzić Jerzy Fryderyk Haendel,urodził Jerzy Fryderyk Haendel,Gdzie urodził Jerzy Fryderyk Haendel,gdzie urodzić Jerzy Fryderyk Haendel,[],[],[],[]
194,"W jakim stylu namalowany jest obraz ""Krzyk"" Edvarda Muncha?","(Edvarda Muncha,)",jaki styl namalować obraz krzyk Edvard Muncha,jakim stylu namalowany obraz Krzyk Edvarda Muncha,stylu namalowany obraz Krzyk Edvarda Muncha,styl namalować obraz krzyk Edvard Muncha,[],['stylu namalowany'],['Krzyk'],[]
195,W którym roku pojawił się fowizm?,(),pojawić fowizm,pojawił fowizm,roku pojawił fowizm,rok pojawić fowizm,[],[],[],[]
196,Na jakiej sztuce wzorował się klasycyzm?,(),jaki sztuka wzorować klasycyzm,jakiej sztuce wzorował klasycyzm,sztuce wzorował klasycyzm,sztuka wzorować klasycyzm,[],[],[],[]
197,Jakiego koloru nie używali impresjoniści?,(),jaki kolor używać impresjonista,Jakiego koloru używali impresjoniści,koloru używali impresjoniści,kolor używać impresjonista,[],[],[],[]
198,O której godzinie nastąpił atak na Westerplatte?,"(Westerplatte,)",godzina nastąpić atak Westerplatte,godzinie nastąpił atak Westerplatte,godzinie nastąpił atak Westerplatte,godzina nastąpić atak Westerplatte,[],[],[],[]
199,Którego dnia bóg stworzył zwierzęta?,"(bóg,)",dzień bóg stworzyć zwierzę,dnia bóg stworzył zwierzęta,dnia bóg stworzył zwierzęta,dzień bóg stworzyć zwierzę,[],[],[],[]
200,Jaki post obowiązuje w piątek?,(),posterunkowy obowiązywać piątek,post obowiązuje piątek,post obowiązuje piątek,posterunkowy obowiązywać piątek,[],[],[],[]
201,Kiedy został ustanowiony Najświętszy sakrament?,(),ustanowić święty sakrament,ustanowiony Najświętszy sakrament,Kiedy ustanowiony Najświętszy sakrament,kiedy ustanowić święty sakrament,['Najświętszy sakrament'],[],[],['Najświętszy']
202,Z ilu części składa się koncert barokowy?,(),ile część składać koncert barokowy,ilu części składa koncert barokowy,części składa koncert barokowy,część składać koncert barokowy,[],['koncert barokowy'],[],[]
203,Jakie nakrycie tradycyjnie zdobi głowy adwokatów angielskich?,"(angielskich,)",nakrycie tradycyjnie zdobić głowa adwokat angielski,nakrycie tradycyjnie zdobi głowy adwokatów angielskich,nakrycie tradycyjnie zdobi głowy adwokatów angielskich,nakrycie tradycyjnie zdobić głowa adwokat angielski,[],"['nakrycie tradycyjnie', 'adwokatów angielskich']",[],[]
204,Z którego państwa pochodziła projektantka mody Coco Channel,"(Coco Channel,)",państwo pochodzić projektantka moda Coco Channel,państwa pochodziła projektantka mody Coco Channel,państwa pochodziła projektantka mody Coco Channel,państwo pochodzić projektantka moda Coco Channel,[],[],[],[]
205,Jaki kolor miała ciżemka w tytule historycznej powieści dla młodzieży?,(),kolor mieć ciżemka tytuł historyczny powieść młodzież,kolor miała ciżemka tytule historycznej powieści młodzieży,kolor miała ciżemka tytule historycznej powieści młodzieży,kolor mieć ciżemka tytuł historyczny powieść młodzież,['historycznej powieści'],['tytule historycznej'],[],[]
206,Które miasto jest ośrodkiem administracyjnym obwodu leningradzkiego w Rosji?,"(Rosji,)",miasto ośrodek administracyjny obwód leningradzki Rosja,miasto ośrodkiem administracyjnym obwodu leningradzkiego Rosji,miasto ośrodkiem administracyjnym obwodu leningradzkiego Rosji,miasto ośrodek administracyjny obwód leningradzki Rosja,['administracyjnym obwodu'],"['ośrodkiem administracyjnym', 'obwodu leningradzkiego']",[],[]
207,Jak z języka niemieckiego nazywa się gumowy wąż do podlewania?,"(niemieckiego,)",język niemiecki nazywać gumowy wąż podlewać,języka niemieckiego nazywa gumowy wąż podlewania,Jak języka niemieckiego nazywa gumowy wąż podlewania,jak język niemiecki nazywać gumowy wąż podlewać,['gumowy wąż'],['języka niemieckiego'],[],[]
208,W którym kolorze są habity kapucynów,(),kolor habit kapucyn,kolorze habity kapucynów,kolorze są habity kapucynów,kolor być habit kapucyn,[],[],[],[]
209,Z czego produkowana jest kasza krakowska?,"(krakowska,)",co produkować kasza krakowski,czego produkowana kasza krakowska,produkowana kasza krakowska,produkować kasza krakowski,[],['kasza krakowska'],[],[]
210,Jak nazywa się miejscowość niedaleko Gniezna gdzie odkryto pozostałości osady z epoki żelaza?,"(Gniezna,)",nazywać miejscowość niedaleko Gniezno odkryć pozostałość osada epoka żelazo,nazywa miejscowość niedaleko Gniezna odkryto pozostałości osady epoki żelaza,Jak nazywa miejscowość Gniezna gdzie odkryto pozostałości osady epoki żelaza,jak nazywać miejscowość Gniezno gdzie odkryć pozostałość osada epoka żelazo,[],[],[],['Gniezna']
211,Jak z greki nazywamy ściankę wieńczącą front budynku?,(),greka nazywać ścianka wieńczyć front budynek,greki nazywamy ściankę wieńczącą front budynku,Jak greki nazywamy ściankę wieńczącą front budynku,jak greka nazywać ścianka wieńczyć front budynek,['wieńczącą front'],['ściankę wieńczącą'],[],[]
212,Jakim powstaniem dowodził Romuald Traugutt?,"(Romuald Traugutt,)",jaki powstać dowodzić Romuald Traugutt,Jakim powstaniem dowodził Romuald Traugutt,powstaniem dowodził Romuald Traugutt,powstać dowodzić Romuald Traugutt,[],[],[],[]
213,Jaki zapach ma gaz szlachetny hel?,(),zapach gaz szlachetny hel,zapach gaz szlachetny hel,zapach ma gaz szlachetny hel,zapach mieć gaz szlachetny hel,[],['gaz szlachetny'],[],[]
214,Z którego owocu sok używany jest przy dekoracji kawalerów uśmiechu?,(),owoc sok używać dekoracja kawaler uśmiech,owocu sok używany dekoracji kawalerów uśmiechu,owocu sok używany dekoracji kawalerów uśmiechu,owoc sok używać dekoracja kawaler uśmiech,[],['sok używany'],[],[]
215,Jak nazywał się kosmyk włosów na czubku ogolonej głowy u Kozaków?,"(Kozaków,)",nazywać kosmyk włos czubek ogolony głowa Kozak,nazywał kosmyk włosów czubku ogolonej głowy Kozaków,Jak nazywał kosmyk włosów czubku ogolonej głowy Kozaków,jak nazywać kosmyk włos czubek ogolony głowa Kozak,['ogolonej głowy'],['czubku ogolonej'],[],[]
216,Co Frodo za młodu zwykł wykradać Maggotowi?,"(Maggotowi,)",Frodo młodu zwyknąć wykradać Maggot,Frodo młodu zwykł wykradać Maggotowi,Frodo młodu zwykł wykradać Maggotowi,Frodo młodu zwyknąć wykradać Maggot,[],[],[],['Frodo']
217,Do jakiego stroju nie pasuje kwiatek?,(),jaki strój pasować kwiatek,jakiego stroju pasuje kwiatek,stroju pasuje kwiatek,strój pasować kwiatek,[],[],[],[]
218,"W którym roku miały miejsce tzw wydarzenia marcowe, obejmujące prostesty studenckie?",(),mieć miejsce tak zwany wydarzenie marcowy obejmować prostesty studencki,miały miejsce tzw wydarzenia marcowe obejmujące prostesty studenckie,roku miały miejsce wydarzenia marcowe obejmujące prostesty studenckie,rok mieć miejsce wydarzenie marcowy obejmować prostesty studencki,[],['wydarzenia marcowe'],[],[]
219,Do czego strzela się z broni śrutowej podczas konkurencji zwanej skeet?,(),co strzelać broń śrutowy konkurencja zwać skeeta,czego strzela broni śrutowej konkurencji zwanej skeet,strzela broni śrutowej konkurencji zwanej skeet,strzelać broń śrutowy konkurencja zwać skeeta,['zwanej skeet'],"['broni śrutowej', 'konkurencji zwanej']",[],[]
220,Którego dnia tygodnia przeżywamy wigilię paschalną?,(),dzień tydzień przeżywać wigilia paschalny,dnia tygodnia przeżywamy wigilię paschalną,dnia tygodnia przeżywamy wigilię paschalną,dzień tydzień przeżywać wigilia paschalny,[],['wigilię paschalną'],[],[]
221,Jak nazywa się słomiane pokrycie dachu?,(),nazywać słomiany pokrycie dach,nazywa słomiane pokrycie dachu,Jak nazywa słomiane pokrycie dachu,jak nazywać słomiany pokrycie dach,['słomiane pokrycie'],[],[],[]
222,Którą część garderoby się wzuwa lub zzuwa,(),który część garderoba wzuwać zzuwać,Którą część garderoby wzuwa zzuwa,część garderoby wzuwa zzuwa,część garderoba wzuwać zzuwać,[],[],[],[]
223,Jak nazywa sie wieża przy meczecie z której muezin wzywa do modlitwy?,(),nazywać wieża meczecie muezina wzywać modlitwa,nazywa wieża meczecie muezin wzywa modlitwy,Jak nazywa wieża meczecie muezin wzywa modlitwy,jak nazywać wieża meczecie muezina wzywać modlitwa,[],[],[],[]
224,W którym roku rozpoczęła się wyprawa Napoleona przeciw Rosji?,"(Napoleona, Rosji)",rozpocząć wyprawa Napoleon przeciw Rosja,rozpoczęła wyprawa Napoleona przeciw Rosji,roku rozpoczęła wyprawa Napoleona Rosji,rok rozpocząć wyprawa Napoleon Rosja,[],[],[],['Napoleona']
225,Co rzuca się pod nogi osobie której chcemy cos utrudnić?,(),rzucać noga osoba chcieć utrudnić,rzuca nogi osobie chcemy utrudnić,rzuca nogi osobie chcemy utrudnić,rzucać noga osoba chcieć utrudnić,[],[],[],[]
226,W którym stuleciu kobiety w Polsce uzyskały prawo głosowania?,"(Polsce,)",stulecie kobieta Polska uzyskać prawo głosować,stuleciu kobiety Polsce uzyskały prawo głosowania,stuleciu kobiety Polsce uzyskały prawo głosowania,stulecie kobieta Polska uzyskać prawo głosować,[],[],[],['Polsce']
227,W jakich latach obradował Sejm Wielki?,"(Sejm Wielki,)",jaki rok obradować sejm wielki,jakich latach obradował Sejm Wielki,latach obradował Sejm Wielki,rok obradować sejm wielki,[],['Sejm Wielki'],[],[]
228,Który wiek nazywa się Złotym Wiekiem Polskiej Kultury?,(),wiek nazywać Złoty wiek polski kultura,wiek nazywa Złotym Wiekiem Polskiej Kultury,wiek nazywa Złotym Wiekiem Polskiej Kultury,wiek nazywać Złoty wiek polski kultura,"['Złotym Wiekiem', 'Polskiej Kultury']",['Wiekiem Polskiej'],[],[]
229,O której godzinie zmarł papież Jan Paweł II?,"(Jan Paweł II,)",godzina zemrzeć papież Jan Paweł II,godzinie zmarł papież Jan Paweł II,godzinie zmarł papież Jan Paweł II,godzina zemrzeć papież Jan Paweł II,[],[],[],[]
230,W jaki dzień tygodnia Skawiński opuszczał wyspę?,"(Skawiński,)",dzień tydzień Skawiński opuszczać wyspa,dzień tygodnia Skawiński opuszczał wyspę,dzień tygodnia Skawiński opuszczał wyspę,dzień tydzień Skawiński opuszczać wyspa,[],[],[],['Skawiński']
231,Od którego roku w Wielkiej Brytanii rządzi królowa Elżbieta II?,"(Wielkiej Brytanii, Elżbieta II)",Wielki Brytania rządzić królowa Elżbieta II,Wielkiej Brytanii rządzi królowa Elżbieta II,roku Wielkiej Brytanii rządzi królowa Elżbieta II,rok Wielki Brytania rządzić królowa Elżbieta II,[],[],[],['Wielkiej Brytanii']
232,Z czego powinien być przygotowany oryginalny sznycel wiedeński?,"(wiedeński,)",co przygotować oryginalny sznycel wiedeński,czego przygotowany oryginalny sznycel wiedeński,powinien przygotowany oryginalny sznycel wiedeński,powinien przygotować oryginalny sznycel wiedeński,['oryginalny sznycel'],['sznycel wiedeński'],[],[]
233,W którym roku miał miejsce zamach terrorystyczny na World Trade Center i Pentagon ?,"(World Trade Center, Pentagon)",mieć miejsce zamach terrorystyczny World Trade Center Pentagon,miał miejsce zamach terrorystyczny World Trade Center Pentagon,roku miał miejsce zamach terrorystyczny World Trade Center Pentagon,rok mieć miejsce zamach terrorystyczny World Trade Center Pentagon,[],['zamach terrorystyczny'],[],['World Trade Center']
234,Co zbudował James Watt w 1783 roku?,"(James Watt, 1783 roku)",zbudować James Watt 1783,zbudował James Watt 1783,zbudował James Watt 1783 roku,zbudować James Watt 1783 rok,['1783 roku'],[],[],['James Watt']
235,Kiedy wybuchła rewolucja francuska?,"(francuska,)",wybuchnąć rewolucja francuski,wybuchła rewolucja francuska,Kiedy wybuchła rewolucja francuska,kiedy wybuchnąć rewolucja francuski,[],['rewolucja francuska'],[],[]
236,Kiedy odbyły się pierwsze igrzyska olimpijskie w Grecji?,"(Grecji,)",odbyć pierwszy igrzyska olimpijski Grecja,odbyły pierwsze igrzyska olimpijskie Grecji,Kiedy odbyły pierwsze igrzyska olimpijskie Grecji,kiedy odbyć pierwszy igrzyska olimpijski Grecja,['pierwsze igrzyska'],['igrzyska olimpijskie'],[],[]
237,W którym roku nastąpił upadek hellenistycznego Egiptu?,"(Egiptu,)",nastąpić upadek hellenistyczny Egipt,nastąpił upadek hellenistycznego Egiptu,roku nastąpił upadek hellenistycznego Egiptu,rok nastąpić upadek hellenistyczny Egipt,[],['upadek hellenistycznego'],[],[]
238,W jakich latach trwała wojna secesyjna?,(),jaki rok trwać wojna secesyjny,jakich latach trwała wojna secesyjna,latach trwała wojna secesyjna,rok trwać wojna secesyjny,[],['wojna secesyjna'],[],[]
239,Kiedy zakończyła się budowa kanału sueskiego?,(),zakończyć budowa kanał sueski,zakończyła budowa kanału sueskiego,Kiedy zakończyła budowa kanału sueskiego,kiedy zakończyć budowa kanał sueski,[],['kanału sueskiego'],[],[]
240,W którym roku zamordowano Johna Lennona?,"(Johna Lennona,)",zamordować John Lennon,zamordowano Johna Lennona,roku zamordowano Johna Lennona,rok zamordować John Lennon,[],[],[],[]
241,Od kogo wyszedł pomysł reaktywacji polskich mundurków?,"(polskich,)",kto wyjść pomysł reaktywacja polski mundurek,kogo wyszedł pomysł reaktywacji polskich mundurków,wyszedł pomysł reaktywacji polskich mundurków,wyjść pomysł reaktywacja polski mundurek,['polskich mundurków'],['reaktywacji polskich'],[],[]
242,W jakich latach miało miejsce powstanie styczniowe?,(),jaki rok mieć miejsce powstać styczniowy,jakich latach miało miejsce powstanie styczniowe,latach miało miejsce powstanie styczniowe,rok mieć miejsce powstać styczniowy,[],[],[],[]
243,Jaka jest w przybliżeniu odległość Księżyca od Ziemi?,"(Księżyca, Ziemi)",jaki przybliżyć odległość Księżyc Ziemia,Jaka przybliżeniu odległość Księżyca Ziemi,jest przybliżeniu odległość Księżyca Ziemi,być przybliżyć odległość Księżyc Ziemia,[],[],[],['Księżyca']
244,Jaki jest najmniejszy instrument smyczkowy?,(),mały instrument smyczkowy,najmniejszy instrument smyczkowy,najmniejszy instrument smyczkowy,mały instrument smyczkowy,['najmniejszy instrument'],['instrument smyczkowy'],[],[]
245,Czym toczy się fortuna?,(),co toczyć fortuna,Czym toczy fortuna,toczy fortuna,toczyć fortuna,[],[],[],[]
246,Jaką długość w metrach miał staropolski łokieć?,"(staropolski,)",jaki długość metr mieć staropolski łokieć,Jaką długość metrach miał staropolski łokieć,długość metrach miał staropolski łokieć,długość metr mieć staropolski łokieć,['staropolski łokieć'],[],[],[]
247,Gdzie umarła siostra Antka z noweli Bolesława Prusa?,"(Antka, Bolesława Prusa)",umrzeć siostra Antek nowela Bolesław Prusa,umarła siostra Antka noweli Bolesława Prusa,Gdzie umarła siostra Antka noweli Bolesława Prusa,gdzie umrzeć siostra Antek nowela Bolesław Prusa,[],[],[],['Antka']
248,W którym roku wybuchła I wojna światowa?,(),wybuchnąć wojna światowy,wybuchła wojna światowa,roku wybuchła wojna światowa,rok wybuchnąć wojna światowy,[],['wojna światowa'],[],['I']
249,W którym roku powstało państwo Izrael?,"(Izrael,)",powstać państwo Izrael,powstało państwo Izrael,roku powstało państwo Izrael,rok powstać państwo Izrael,[],[],[],[]
250,Jaki wynalazek zapoczątkował industrializację?,(),wynalazek zapoczątkować industrializacja,wynalazek zapoczątkował industrializację,wynalazek zapoczątkował industrializację,wynalazek zapoczątkować industrializacja,[],[],[],[]
251,Jak nazywa się najmniejsza średnica przewodu lufy broni palnej?,(),nazywać mały średnica przewód luf broń palny,nazywa najmniejsza średnica przewodu lufy broni palnej,Jak nazywa najmniejsza średnica przewodu lufy broni palnej,jak nazywać mały średnica przewód luf broń palny,['najmniejsza średnica'],['broni palnej'],[],[]
252,W czym osadzamy świecę?,(),co osadzać świeca,czym osadzamy świecę,osadzamy świecę,osadzać świeca,[],[],[],[]
253,Czego boi się pediofob?,(),co bać pediofob,Czego boi pediofob,boi pediofob,bać pediofob,[],[],[],[]
254,Na czyją cześć odbywają się Brumalia?,"(Brumalia,)",czyj cześć odbywać Brumalia,czyją cześć odbywają Brumalia,cześć odbywają Brumalia,cześć odbywać Brumalia,[],[],[],[]
255,W którym roku Ted Bundy po raz pierwszy porwał kobietę?,"(Ted Bundy,)",Ted Bundy raz pierwszy porwać kobieta,Ted Bundy raz pierwszy porwał kobietę,roku Ted Bundy raz pierwszy porwał kobietę,rok Ted Bundy raz pierwszy porwać kobieta,[],['raz pierwszy'],[],['Ted Bundy']
256,W którym roku w Rosji wybuchła rewolucja październikowa?,"(Rosji,)",Rosja wybuchnąć rewolucja październikowy,Rosji wybuchła rewolucja październikowa,roku Rosji wybuchła rewolucja październikowa,rok Rosja wybuchnąć rewolucja październikowy,[],['rewolucja październikowa'],[],['Rosji']
257,Kiedy podpisany został traktat lizboński?,"(lizboński,)",podpisać traktat lizboński,podpisany traktat lizboński,Kiedy podpisany traktat lizboński,kiedy podpisać traktat lizboński,[],['traktat lizboński'],[],[]
258,Gdzie podpisano traktat lizboński?,"(lizboński,)",podpisać traktat lizboński,podpisano traktat lizboński,Gdzie podpisano traktat lizboński,gdzie podpisać traktat lizboński,[],['traktat lizboński'],[],[]
259,W którym roku Czesław Miłosz dostał nagrodę Nobla?,"(Czesław Miłosz, Nobla)",Czesław Miłosz dostać nagroda Nobel,Czesław Miłosz dostał nagrodę Nobla,roku Czesław Miłosz dostał nagrodę Nobla,rok Czesław Miłosz dostać nagroda Nobel,[],[],[],['Czesław Miłosz']
260,Kiedy rozpoczął się Wielki Kryzys w Stanach Zjednoczonych?,"(Wielki Kryzys, Stanach Zjednoczonych)",rozpocząć wielki kryzys Stany Zjednoczone,rozpoczął Wielki Kryzys Stanach Zjednoczonych,Kiedy rozpoczął Wielki Kryzys Stanach Zjednoczonych,kiedy rozpocząć wielki kryzys Stany Zjednoczone,['Wielki Kryzys'],[],[],['Wielki Kryzys']
261,Od której godziny obowiązuje cisza nocna?,(),godzina obowiązywać cisza nocny,godziny obowiązuje cisza nocna,godziny obowiązuje cisza nocna,godzina obowiązywać cisza nocny,[],['cisza nocna'],[],[]
262,Jaki dzień tygodnia należy święcić?,(),dzień tydzień należeć święcić,dzień tygodnia należy święcić,dzień tygodnia należy święcić,dzień tydzień należeć święcić,[],[],[],[]
263,W którym roku Ludwik Pasteur odkrył penicylinę?,"(Ludwik Pasteur,)",Ludwik Pasteur odkryć penicylina,Ludwik Pasteur odkrył penicylinę,roku Ludwik Pasteur odkrył penicylinę,rok Ludwik Pasteur odkryć penicylina,[],[],[],['Ludwik Pasteur']
264,Kiedy wprowadzono w Polsce obowiązkowe szczepienie przeciwko wzw b?,"(Polsce, wzw)",wprowadzić Polska obowiązkowy szczepienie przeciwko wzw b,wprowadzono Polsce obowiązkowe szczepienie przeciwko wzw b,Kiedy wprowadzono Polsce obowiązkowe szczepienie wzw,kiedy wprowadzić Polska obowiązkowy szczepienie wzw,['obowiązkowe szczepienie'],[],[],['Polsce']
265,Kiedy odbyło się oficjalne otwarcie Empire State Building?,(),odbyć oficjalny otworzyć Empire State Building,odbyło oficjalne otwarcie Empire State Building,Kiedy odbyło oficjalne otwarcie Empire State Building,kiedy odbyć oficjalny otworzyć Empire State Building,['oficjalne otwarcie'],[],[],[]
266,W którym roku urodził się Henryk Sienkiewicz?,"(Henryk Sienkiewicz,)",urodzić Henryk Sienkiewicz,urodził Henryk Sienkiewicz,roku urodził Henryk Sienkiewicz,rok urodzić Henryk Sienkiewicz,[],[],[],[]
267,Kiedy odbył się ślub królowej Elżbiety ii i księcia Filipa?,"(Elżbiety, Filipa)",odbyć ślub królowa Elżbieta ii książę Filip,odbył ślub królowej Elżbiety ii księcia Filipa,Kiedy odbył ślub królowej Elżbiety ii księcia Filipa,kiedy odbyć ślub królowa Elżbieta ii książę Filip,[],['ślub królowej'],[],['Elżbiety']
268,Kiedy wykryto pierwszy przypadek koronawirusa w Polsce?,"(Polsce,)",wykryć pierwszy przypadek koronawirus Polska,wykryto pierwszy przypadek koronawirusa Polsce,Kiedy wykryto pierwszy przypadek koronawirusa Polsce,kiedy wykryć pierwszy przypadek koronawirus Polska,['pierwszy przypadek'],[],[],[]
